run,arm,problem,seed,cap_usd,completion,valid_spend_usd,valid,spent_usd,budget_frac,tokens,wall_s,incumbent_public,incumbent_hidden,sha
independent__circle_packing__s0,independent,circle_packing,0,1.1,truncated_api_error,0.136272,True,0.0,0.0,0,0.4,0.38059330863684226,,a586cda41d88a0b8
independent__circle_packing__s0,independent,circle_packing,0,1.1,truncated_api_error,0.136272,True,0.036288,0.032989,4492,222.7,0.9999999999014743,,9f61a81e460d353a
independent__circle_packing__s1,independent,circle_packing,1,1.1,truncated_api_error,0.126442,True,0.0,0.0,0,0.9,0.3305203630487954,,a586cda41d88a0b8
independent__circle_packing__s1,independent,circle_packing,1,1.1,truncated_api_error,0.126442,True,0.032618,0.029653,4125,252.3,0.9999999999993212,,a5f2fc4315b61154
independent__circle_packing__s2,independent,circle_packing,2,1.1,truncated_api_error,0.133342,True,0.0,0.0,0,0.5,0.37687210960656786,,a586cda41d88a0b8
independent__circle_packing__s2,independent,circle_packing,2,1.1,truncated_api_error,0.133342,True,0.034568,0.031425,4320,252.0,0.9999999999955537,,7774debccb70db24
independent__circle_packing__s3,independent,circle_packing,3,1.1,truncated_api_error,0.127692,True,0.0,0.0,0,0.8,0.3611821821890957,,a586cda41d88a0b8
independent__circle_packing__s3,independent,circle_packing,3,1.1,truncated_api_error,0.127692,True,0.063316,0.05756,8058,513.8,0.9993586139173155,,f496938e08f4a1b0
independent__erdos_squares__s0,independent,erdos_squares,0,1.1,truncated_api_error,0.90047,True,0.0,0.0,0,2.5,0.8561716061716061,0.9127792599779017,5ca1aa946ee89389
independent__erdos_squares__s0,independent,erdos_squares,0,1.1,truncated_api_error,0.90047,True,0.04411,0.0401,4987,41.8,0.9999999990000001,0.999999999,1080f637ced2f145
independent__erdos_squares__s1,independent,erdos_squares,1,1.1,truncated_api_error,0.65682,True,0.0,0.0,0,1.9,0.8561716061716061,0.9127792599779017,5ca1aa946ee89389
independent__erdos_squares__s1,independent,erdos_squares,1,1.1,truncated_api_error,0.65682,True,0.04163,0.037845,4739,37.3,0.994949494949495,0.9788596154364406,dbd0741e216c98fc
independent__erdos_squares__s1,independent,erdos_squares,1,1.1,truncated_api_error,0.65682,True,0.14707,0.1337,16435,293.0,0.9999999967901653,0.9999999952449268,be2af60cd331903f
independent__erdos_squares__s1,independent,erdos_squares,1,1.1,truncated_api_error,0.65682,True,0.19132,0.173927,21436,332.4,0.9999999990000001,0.9999999990000001,db7899403ce056d8
independent__erdos_squares__s2,independent,erdos_squares,2,1.1,truncated_api_error,0.40788,True,0.0,0.0,0,2.4,0.8561716061716061,0.9127792599779017,5ca1aa946ee89389
independent__erdos_squares__s2,independent,erdos_squares,2,1.1,truncated_api_error,0.40788,True,0.03267,0.0297,3843,31.4,0.9921004911083915,0.9740209047850004,f6fbb1cccfe9a0e9
independent__erdos_squares__s2,independent,erdos_squares,2,1.1,truncated_api_error,0.40788,True,0.30947,0.281336,34403,320.4,0.9999999990000001,0.9999999990000001,0ecb04782cb8c62d
independent__erdos_squares__s3,independent,erdos_squares,3,1.1,truncated_api_error,0.72932,True,0.0,0.0,0,1.9,0.8561716061716061,0.9127792599779017,5ca1aa946ee89389
independent__erdos_squares__s3,independent,erdos_squares,3,1.1,truncated_api_error,0.72932,True,0.0795,0.072273,8526,231.3,0.9999999990000001,0.9999999990000001,9bc4aebe188252e7
independent__sum_difference__s0,independent,sum_difference,0,1.1,truncated_api_error,0.487662,True,0.0,0.0,0,20.6,0.887449398787755,,ed99a0dcac7a33cc
independent__sum_difference__s0,independent,sum_difference,0,1.1,truncated_api_error,0.487662,True,0.029942,0.02722,3699,132.1,0.9469478674107464,,b33360c8c6c3b1fe
independent__sum_difference__s1,independent,sum_difference,1,1.1,truncated_api_error,0.618908,True,0.0,0.0,0,20.6,0.887449398787755,,ed99a0dcac7a33cc
independent__sum_difference__s1,independent,sum_difference,1,1.1,truncated_api_error,0.618908,True,0.019902,0.018093,2695,38.8,0.9469478674107464,,5a56d7379ca5c292
independent__sum_difference__s2,independent,sum_difference,2,1.1,truncated_api_error,0.566088,True,0.0,0.0,0,20.6,0.887449398787755,,ed99a0dcac7a33cc
independent__sum_difference__s2,independent,sum_difference,2,1.1,truncated_api_error,0.566088,True,0.025482,0.023165,3253,45.4,0.9469478674107464,,70e82de1e2f3fd8c
independent__sum_difference__s3,independent,sum_difference,3,1.1,truncated_api_error,0.527166,True,0.0,0.0,0,20.6,0.887449398787755,,ed99a0dcac7a33cc
independent__sum_difference__s3,independent,sum_difference,3,1.1,truncated_api_error,0.527166,True,0.019582,0.017802,2663,39.1,0.9469478674107464,,3f1b960ab13bf5c5
lean__circle_packing__s0,lean,circle_packing,0,1.1,truncated_api_error,0.134464,True,0.0,0.0,0,0.5,0.3480217162433629,,a586cda41d88a0b8
lean__circle_packing__s0,lean,circle_packing,0,1.1,truncated_api_error,0.134464,True,0.021456,0.019505,3088,213.3,0.8883590811185448,,ad14bd416d83033a
lean__circle_packing__s0,lean,circle_packing,0,1.1,truncated_api_error,0.134464,True,0.095976,0.087251,14464,724.7,0.9361221881034517,,9002f9b66eac7fe1
lean__circle_packing__s0,lean,circle_packing,0,1.1,truncated_api_error,0.134464,True,0.134464,0.12224,20852,1014.8,0.9570495645922734,,ec40970af8fa8f57
lean__circle_packing__s1,lean,circle_packing,1,1.1,truncated_api_error,0.12546,True,0.0,0.0,0,0.4,0.33473199292407574,,a586cda41d88a0b8
lean__circle_packing__s1,lean,circle_packing,1,1.1,truncated_api_error,0.12546,True,0.018926,0.017205,2835,211.1,0.8675162312614555,,5b6bc7adf74f8e9b
lean__circle_packing__s1,lean,circle_packing,1,1.1,truncated_api_error,0.12546,True,0.052034,0.047304,7857,470.2,0.9421228765522351,,5ca6af2d27773e23
lean__circle_packing__s2,lean,circle_packing,2,1.1,truncated_api_error,0.142296,True,0.0,0.0,0,0.5,0.3115067594800655,,a586cda41d88a0b8
lean__circle_packing__s2,lean,circle_packing,2,1.1,truncated_api_error,0.142296,True,0.021266,0.019333,3069,212.3,0.879518441305489,,6349e39193e44643
lean__circle_packing__s2,lean,circle_packing,2,1.1,truncated_api_error,0.142296,True,0.059492,0.054084,8790,463.1,0.9993586139536382,,37a770007302d937
lean__circle_packing__s3,lean,circle_packing,3,1.1,truncated_api_error,0.150986,True,0.0,0.0,0,0.6,0.35163917226921737,,a586cda41d88a0b8
lean__circle_packing__s3,lean,circle_packing,3,1.1,truncated_api_error,0.150986,True,0.024736,0.022487,3416,214.4,0.9979958973397884,,43d23510ca75e123
lean__circle_packing__s3,lean,circle_packing,3,1.1,truncated_api_error,0.150986,True,0.063956,0.058142,9514,475.2,0.9993586139210121,,1740c978a432380e
lean__erdos_squares__s0,lean,erdos_squares,0,1.1,budget,1.067194,True,0.0,0.0,0,2.0,0.8561716061716061,0.9127792599779017,5ca1aa946ee89389
lean__erdos_squares__s0,lean,erdos_squares,0,1.1,budget,1.067194,True,0.064086,0.05826,7171,54.2,0.992100492100492,0.9904041016519793,62d5affc7e8e7f82
lean__erdos_squares__s0,lean,erdos_squares,0,1.1,budget,1.067194,True,0.120754,0.109776,14765,96.8,1.0,1.0,209196ff6cadb298
lean__erdos_squares__s1,lean,erdos_squares,1,1.1,budget,1.072212,True,0.0,0.0,0,2.6,0.8561716061716061,0.9127792599779017,5ca1aa946ee89389
lean__erdos_squares__s1,lean,erdos_squares,1,1.1,budget,1.072212,True,0.067616,0.061469,7524,62.5,0.9999999999,0.9999999999,c704e4c50176f572
lean__erdos_squares__s2,lean,erdos_squares,2,1.1,truncated_api_error,0.190098,True,0.0,0.0,0,2.5,0.8561716061716061,0.9127792599779017,5ca1aa946ee89389
lean__erdos_squares__s2,lean,erdos_squares,2,1.1,truncated_api_error,0.190098,True,0.044056,0.040051,5168,39.4,0.992100492100492,0.9904041016519793,aab61535df7c28b1
lean__erdos_squares__s2,lean,erdos_squares,2,1.1,truncated_api_error,0.190098,True,0.141856,0.12896,16732,413.0,0.9999999983993784,0.9999999928231869,45a3551a2c753fce
lean__erdos_squares__s3,lean,erdos_squares,3,1.1,budget,1.079286,True,0.0,0.0,0,2.5,0.8561716061716061,0.9127792599779017,5ca1aa946ee89389
lean__erdos_squares__s3,lean,erdos_squares,3,1.1,budget,1.079286,True,0.054646,0.049678,6227,51.9,0.9999999990000001,0.9999999990000001,4c058dae0d34750e
lean__sum_difference__s0,lean,sum_difference,0,1.1,truncated_api_error,0.395932,True,0.0,0.0,0,20.5,0.887449398787755,,ed99a0dcac7a33cc
lean__sum_difference__s0,lean,sum_difference,0,1.1,truncated_api_error,0.395932,True,0.022344,0.020313,3020,45.4,0.9469478674107464,,444386ea8c2f1fba
lean__sum_difference__s1,lean,sum_difference,1,1.1,truncated_api_error,0.475716,True,0.0,0.0,0,20.4,0.887449398787755,,ed99a0dcac7a33cc
lean__sum_difference__s1,lean,sum_difference,1,1.1,truncated_api_error,0.475716,True,0.020144,0.018313,2800,38.4,0.9469478674107464,,ff424450ff23552a
lean__sum_difference__s2,lean,sum_difference,2,1.1,truncated_api_error,0.453894,True,0.0,0.0,0,20.5,0.887449398787755,,ed99a0dcac7a33cc
lean__sum_difference__s2,lean,sum_difference,2,1.1,truncated_api_error,0.453894,True,0.025514,0.023195,3337,46.8,0.9469478674107464,,7e6354937737d324
lean__sum_difference__s2,lean,sum_difference,2,1.1,truncated_api_error,0.453894,True,0.371636,0.337851,46846,725.7,0.9470680460585177,,5e51be5e7bd63f9d
lean__sum_difference__s2,lean,sum_difference,2,1.1,truncated_api_error,0.453894,True,0.453894,0.412631,57351,888.4,0.9470709439507575,,3a0995d6784b4377
lean__sum_difference__s3,lean,sum_difference,3,1.1,truncated_api_error,0.474096,True,0.0,0.0,0,20.5,0.887449398787755,,ed99a0dcac7a33cc
lean__sum_difference__s3,lean,sum_difference,3,1.1,truncated_api_error,0.474096,True,0.028254,0.025685,3611,64.8,0.9469478674107464,,7b4a73d447ed8c9a
lean_gate_patience__circle_packing__s0,lean_gate_patience,circle_packing,0,1.1,truncated_api_error,0.127862,True,0.0,0.0,0,0.4,0.37770641382172837,,a586cda41d88a0b8
lean_gate_patience__circle_packing__s0,lean_gate_patience,circle_packing,0,1.1,truncated_api_error,0.127862,True,0.027886,0.025351,3731,217.8,0.9993586139243555,,57a1ee6f80adf496
lean_gate_patience__circle_packing__s0,lean_gate_patience,circle_packing,0,1.1,truncated_api_error,0.127862,True,0.059676,0.054251,8842,486.3,0.9999999999996678,,d3fbb55d16d98fe2
lean_gate_patience__circle_packing__s1,lean_gate_patience,circle_packing,1,1.1,truncated_api_error,0.119756,True,0.0,0.0,0,0.5,0.3695143613158766,,a586cda41d88a0b8
lean_gate_patience__circle_packing__s1,lean_gate_patience,circle_packing,1,1.1,truncated_api_error,0.119756,True,0.027306,0.024824,3673,168.4,0.9980070520991164,,36924fadd66c9b6a
lean_gate_patience__circle_packing__s1,lean_gate_patience,circle_packing,1,1.1,truncated_api_error,0.119756,True,0.05568,0.050618,8284,414.0,0.9999999999901305,,36338aa494666c5d
lean_gate_patience__circle_packing__s2,lean_gate_patience,circle_packing,2,1.1,truncated_api_error,0.152866,True,0.0,0.0,0,0.6,0.3952103733714892,,a586cda41d88a0b8
lean_gate_patience__circle_packing__s2,lean_gate_patience,circle_packing,2,1.1,truncated_api_error,0.152866,True,0.022146,0.020133,3157,213.8,0.8863939763601871,,bf15a4747d590152
lean_gate_patience__circle_packing__s2,lean_gate_patience,circle_packing,2,1.1,truncated_api_error,0.152866,True,0.060626,0.055115,8973,465.5,0.9287661568062435,,e073dc65c021ea26
lean_gate_patience__circle_packing__s2,lean_gate_patience,circle_packing,2,1.1,truncated_api_error,0.152866,True,0.105704,0.096095,16156,739.4,0.9412175761767199,,fc8d0d8b7856013c
lean_gate_patience__circle_packing__s2,lean_gate_patience,circle_packing,2,1.1,truncated_api_error,0.152866,True,0.152866,0.138969,23821,1014.4,0.9443960792746511,,e679ef7efe2f8896
lean_gate_patience__circle_packing__s3,lean_gate_patience,circle_packing,3,1.1,truncated_api_error,0.105048,True,0.0,0.0,0,0.5,0.3547520145689936,,a586cda41d88a0b8
lean_gate_patience__circle_packing__s3,lean_gate_patience,circle_packing,3,1.1,truncated_api_error,0.105048,True,0.018046,0.016405,2747,210.5,0.9993586139246432,,7236d36825c69331
lean_gate_patience__erdos_squares__s0,lean_gate_patience,erdos_squares,0,1.1,truncated_api_error,0.39428,True,0.0,0.0,0,2.5,0.8561716061716061,0.9127792599779017,5ca1aa946ee89389
lean_gate_patience__erdos_squares__s0,lean_gate_patience,erdos_squares,0,1.1,truncated_api_error,0.39428,True,0.082986,0.075442,9061,71.6,1.0,1.0,a37b5978e44cf17d
lean_gate_patience__erdos_squares__s1,lean_gate_patience,erdos_squares,1,1.1,budget,1.091998,True,0.0,0.0,0,2.1,0.8561716061716061,0.9127792599779017,5ca1aa946ee89389
lean_gate_patience__erdos_squares__s1,lean_gate_patience,erdos_squares,1,1.1,budget,1.091998,True,0.068266,0.06206,7589,59.2,0.9999999996790164,0.9999999995244926,57fd2d3e93f3657f
lean_gate_patience__erdos_squares__s2,lean_gate_patience,erdos_squares,2,1.1,budget,1.086056,True,0.0,0.0,0,2.5,0.8561716061716061,0.9127792599779017,5ca1aa946ee89389
lean_gate_patience__erdos_squares__s2,lean_gate_patience,erdos_squares,2,1.1,budget,1.086056,True,0.109566,0.099605,11719,93.4,1.0,1.0,a57eb187511074b3
lean_gate_patience__erdos_squares__s3,lean_gate_patience,erdos_squares,3,1.1,truncated_api_error,0.777294,True,0.0,0.0,0,2.5,0.8561716061716061,0.9127792599779017,5ca1aa946ee89389
lean_gate_patience__erdos_squares__s3,lean_gate_patience,erdos_squares,3,1.1,truncated_api_error,0.777294,True,0.059876,0.054433,6750,52.0,0.992100492100492,0.9904041016519793,d2deff2a8696c63b
lean_gate_patience__erdos_squares__s3,lean_gate_patience,erdos_squares,3,1.1,truncated_api_error,0.777294,True,0.150536,0.136851,17484,124.9,1.0,0.998015873015873,131c2fbba3ff3046
lean_gate_patience__sum_difference__s0,lean_gate_patience,sum_difference,0,1.1,truncated_api_error,0.32756,True,0.0,0.0,0,20.6,0.887449398787755,,ed99a0dcac7a33cc
lean_gate_patience__sum_difference__s0,lean_gate_patience,sum_difference,0,1.1,truncated_api_error,0.32756,True,0.020314,0.018467,2817,55.2,0.9440505488893274,,82125efa7764b517
lean_gate_patience__sum_difference__s0,lean_gate_patience,sum_difference,0,1.1,truncated_api_error,0.32756,True,0.041898,0.038089,5985,122.5,0.9469478674107464,,91bfbfcca7937bd1
lean_gate_patience__sum_difference__s1,lean_gate_patience,sum_difference,1,1.1,truncated_api_error,0.328212,True,0.0,0.0,0,20.5,0.887449398787755,,ed99a0dcac7a33cc
lean_gate_patience__sum_difference__s1,lean_gate_patience,sum_difference,1,1.1,truncated_api_error,0.328212,True,0.023184,0.021076,3104,57.9,0.9454198458417711,,8c8952a7cdd53e98
lean_gate_patience__sum_difference__s1,lean_gate_patience,sum_difference,1,1.1,truncated_api_error,0.328212,True,0.050016,0.045469,6824,127.1,0.9469478674107464,,85abe542b42dc477
lean_gate_patience__sum_difference__s1,lean_gate_patience,sum_difference,1,1.1,truncated_api_error,0.328212,True,0.23161,0.210555,30633,581.2,0.947031987571169,,621663e56a4b1207
lean_gate_patience__sum_difference__s2,lean_gate_patience,sum_difference,2,1.1,truncated_api_error,0.40889,True,0.0,0.0,0,20.5,0.887449398787755,,ed99a0dcac7a33cc
lean_gate_patience__sum_difference__s2,lean_gate_patience,sum_difference,2,1.1,truncated_api_error,0.40889,True,0.018304,0.01664,2616,37.0,0.9469478674107464,,695b24867b4a7e10
lean_gate_patience__sum_difference__s2,lean_gate_patience,sum_difference,2,1.1,truncated_api_error,0.40889,True,0.278894,0.25354,34299,499.7,0.947031987571169,,65425d6cae880687
lean_gate_patience__sum_difference__s2,lean_gate_patience,sum_difference,2,1.1,truncated_api_error,0.40889,True,0.335852,0.30532,41906,642.3,0.9470702403922469,,2391b3ab93548d6a
lean_gate_patience__sum_difference__s3,lean_gate_patience,sum_difference,3,1.1,truncated_api_error,0.584696,True,0.0,0.0,0,20.6,0.887449398787755,,ed99a0dcac7a33cc
lean_gate_patience__sum_difference__s3,lean_gate_patience,sum_difference,3,1.1,truncated_api_error,0.584696,True,0.021134,0.019213,2899,50.8,0.9454198458417711,,0961306bf559ac58
lean_gate_patience__sum_difference__s3,lean_gate_patience,sum_difference,3,1.1,truncated_api_error,0.584696,True,0.046582,0.042347,6415,73.3,0.9469478674107464,,3c316058221f2389
shinka__circle_packing__s0,shinka,circle_packing,0,1.1,truncated_api_error,0.323738,True,0.0,0.0,0,4.3,0.3570124898492465,,a586cda41d88a0b8
shinka__circle_packing__s0,shinka,circle_packing,0,1.1,truncated_api_error,0.323738,True,0.075344,0.068495,10424,227.3,0.9981450959036435,,1b8d9d71b1ca06f1
shinka__circle_packing__s0,shinka,circle_packing,0,1.1,truncated_api_error,0.323738,True,0.16942,0.154018,27326,386.2,0.9984650176788826,,9aa092551b5c6c34
shinka__circle_packing__s0,shinka,circle_packing,0,1.1,truncated_api_error,0.323738,True,0.323738,0.294307,66057,880.9,0.9999999999909008,,b0179007cc4fa4aa
shinka__circle_packing__s1,shinka,circle_packing,1,1.1,truncated_api_error,0.372754,True,0.0,0.0,0,3.7,0.35661298912072426,,a586cda41d88a0b8
shinka__circle_packing__s1,shinka,circle_packing,1,1.1,truncated_api_error,0.372754,True,0.09035,0.082136,11607,181.4,0.999999999990923,,7769fb77254b81ad
shinka__circle_packing__s2,shinka,circle_packing,2,1.1,truncated_api_error,0.602176,True,0.0,0.0,0,8.5,0.3514103421321339,,a586cda41d88a0b8
shinka__circle_packing__s2,shinka,circle_packing,2,1.1,truncated_api_error,0.602176,True,0.079074,0.071885,10797,183.6,0.9999999999986141,,a89fb0d2b6d34b3d
shinka__circle_packing__s3,shinka,circle_packing,3,1.1,truncated_api_error,0.432646,True,0.0,0.0,0,6.2,0.36605092408347484,,a586cda41d88a0b8
shinka__circle_packing__s3,shinka,circle_packing,3,1.1,truncated_api_error,0.432646,True,0.25001,0.227282,40513,483.2,0.9999668638382609,,645ba59b911deb6a
shinka__circle_packing__s3,shinka,circle_packing,3,1.1,truncated_api_error,0.432646,True,0.25001,0.227282,40513,486.8,0.9999999998999984,,b01ce6618f8c9508
shinka__erdos_squares__s0,shinka,erdos_squares,0,1.1,budget,1.081496,True,0.0,0.0,0,8.0,0.8561716061716061,0.9127792599779017,5ca1aa946ee89389
shinka__erdos_squares__s0,shinka,erdos_squares,0,1.1,budget,1.081496,True,0.063606,0.057824,7683,62.4,1.0,1.0,21bbff0ef195dedc
shinka__erdos_squares__s1,shinka,erdos_squares,1,1.1,budget,1.053296,True,0.0,0.0,0,6.4,0.8561716061716061,0.9127792599779017,5ca1aa946ee89389
shinka__erdos_squares__s1,shinka,erdos_squares,1,1.1,budget,1.053296,True,0.058336,0.053033,7156,53.1,0.992100492100492,0.9740209057590212,031df3df0c670827
shinka__erdos_squares__s1,shinka,erdos_squares,1,1.1,budget,1.053296,True,0.166942,0.151765,19339,96.3,0.9999999990000001,0.9999999990000001,1396aa7776b79b49
shinka__erdos_squares__s2,shinka,erdos_squares,2,1.1,budget,1.072114,True,0.0,0.0,0,5.9,0.8561716061716061,0.9127792599779017,5ca1aa946ee89389
shinka__erdos_squares__s2,shinka,erdos_squares,2,1.1,budget,1.072114,True,0.082206,0.074733,9543,73.8,0.9921004920995,0.9904041016509889,d67de7a48fd63412
shinka__erdos_squares__s2,shinka,erdos_squares,2,1.1,budget,1.072114,True,0.306384,0.278531,39832,174.6,0.9999999999989999,0.9999999999989999,2106db8b38a47853
shinka__erdos_squares__s3,shinka,erdos_squares,3,1.1,budget,1.048456,True,0.0,0.0,0,7.5,0.8561716061716061,0.9127792599779017,5ca1aa946ee89389
shinka__erdos_squares__s3,shinka,erdos_squares,3,1.1,budget,1.048456,True,0.068016,0.061833,8124,64.9,0.992100492100492,0.98556539197456,87814f33905bc75a
shinka__erdos_squares__s3,shinka,erdos_squares,3,1.1,budget,1.048456,True,0.155462,0.141329,18191,79.6,1.0,1.0,92cf427fffb5a840
shinka__sum_difference__s0,shinka,sum_difference,0,1.1,truncated_api_error,0.995288,True,0.0,0.0,0,24.3,0.887449398787755,,ed99a0dcac7a33cc
shinka__sum_difference__s0,shinka,sum_difference,0,1.1,truncated_api_error,0.995288,True,0.053578,0.048707,7937,44.3,0.9469478674107464,,4f2337166515c301
shinka__sum_difference__s1,shinka,sum_difference,1,1.1,truncated_api_error,0.967128,True,0.0,0.0,0,24.5,0.887449398787755,,ed99a0dcac7a33cc
shinka__sum_difference__s1,shinka,sum_difference,1,1.1,truncated_api_error,0.967128,True,0.050556,0.04596,7354,47.1,0.9469478674107464,,959810e6daff8859
shinka__sum_difference__s2,shinka,sum_difference,2,1.1,budget,1.076756,True,0.0,0.0,0,28.0,0.887449398787755,,ed99a0dcac7a33cc
shinka__sum_difference__s2,shinka,sum_difference,2,1.1,budget,1.076756,True,0.055938,0.050853,8173,51.7,0.9469478674107464,,ea58330427f34517
shinka__sum_difference__s3,shinka,sum_difference,3,1.1,truncated_api_error,0.676044,True,0.0,0.0,0,29.6,0.887449398787755,,ed99a0dcac7a33cc
shinka__sum_difference__s3,shinka,sum_difference,3,1.1,truncated_api_error,0.676044,True,0.055738,0.050671,8153,54.0,0.9469478674107464,,6878da7a7164018a
triage__circle_packing__s0,triage,circle_packing,0,1.1,truncated_api_error,0.896671,True,0.0,0.0,0,0.6,0.3432036637987397,,a586cda41d88a0b8
triage__circle_packing__s0,triage,circle_packing,0,1.1,truncated_api_error,0.896671,True,0.211899,0.192635,23009,117.0,0.9960710269355756,,9b766bd0fd91d5f2
triage__circle_packing__s0,triage,circle_packing,0,1.1,truncated_api_error,0.896671,True,0.320671,0.291519,29394,239.1,0.9999999999911353,,d3dd76a99a4e416b
triage__circle_packing__s1,triage,circle_packing,1,1.1,truncated_api_error,0.681761,True,0.0,0.0,0,0.6,0.385198846005876,,a586cda41d88a0b8
triage__circle_packing__s1,triage,circle_packing,1,1.1,truncated_api_error,0.681761,True,0.263382,0.239438,27839,146.7,0.9999999999901238,,6f69e7683c166c28
triage__circle_packing__s2,triage,circle_packing,2,1.1,budget,1.028452,True,0.0,0.0,0,0.5,0.3937715968177443,,a586cda41d88a0b8
triage__circle_packing__s2,triage,circle_packing,2,1.1,budget,1.028452,True,0.425459,0.386781,32683,266.0,0.9993586139145986,,a6c600cd54fdb7bc
triage__circle_packing__s2,triage,circle_packing,2,1.1,budget,1.028452,True,0.425459,0.386781,32683,363.8,0.9999999999901417,,14945b6ebf21359b
triage__circle_packing__s3,triage,circle_packing,3,1.1,budget,1.08505,True,0.0,0.0,0,0.6,0.37243371964460054,,a586cda41d88a0b8
triage__circle_packing__s3,triage,circle_packing,3,1.1,budget,1.08505,True,0.066195,0.060177,8960,51.8,0.9684745916975349,,a32c003160045762
triage__circle_packing__s3,triage,circle_packing,3,1.1,budget,1.08505,True,0.397155,0.36105,30462,205.3,0.9993586129250144,,4f2dd3a6cfd0e84b
triage__circle_packing__s3,triage,circle_packing,3,1.1,budget,1.08505,True,0.397155,0.36105,30462,206.5,0.9993586139296776,,23e9b9deb7714ece
triage__circle_packing__s3,triage,circle_packing,3,1.1,budget,1.08505,True,0.503319,0.457563,36739,437.6,0.999999999999984,,7210bec1f9a4e847
triage__erdos_squares__s0,triage,erdos_squares,0,1.1,truncated_api_error,0.805158,True,0.0,0.0,0,2.9,0.8561716061716061,0.9127792599779017,5ca1aa946ee89389
triage__erdos_squares__s0,triage,erdos_squares,0,1.1,truncated_api_error,0.805158,True,0.142739,0.129763,12370,116.5,0.9999999990000001,0.9999999990000001,158bf0f86b5241e1
triage__erdos_squares__s1,triage,erdos_squares,1,1.1,truncated_api_error,0.949954,True,0.0,0.0,0,2.1,0.8561716061716061,0.9127792599779017,5ca1aa946ee89389
triage__erdos_squares__s1,triage,erdos_squares,1,1.1,truncated_api_error,0.949954,True,0.082321,0.074838,5618,49.3,0.953532116032116,0.9443582073463228,9d4b1e906f23381d
triage__erdos_squares__s1,triage,erdos_squares,1,1.1,truncated_api_error,0.949954,True,0.149021,0.135474,16399,87.3,0.9905864197530865,1.0,c7fc64cda85222f1
triage__erdos_squares__s1,triage,erdos_squares,1,1.1,truncated_api_error,0.949954,True,0.187625,0.170569,21065,100.0,0.9965488215488215,0.98556539197456,f8749e1316831a53
triage__erdos_squares__s1,triage,erdos_squares,1,1.1,truncated_api_error,0.949954,True,0.338469,0.307699,36939,290.4,0.99999999,0.99999999,443b882d34d968af
triage__erdos_squares__s2,triage,erdos_squares,2,1.1,budget,1.079985,True,0.0,0.0,0,3.3,0.8561716061716061,0.9127792599779017,5ca1aa946ee89389
triage__erdos_squares__s2,triage,erdos_squares,2,1.1,budget,1.079985,True,0.103713,0.094285,12384,134.1,1.0,0.9920170048777859,c94b34c4c9a544d6
triage__erdos_squares__s3,triage,erdos_squares,3,1.1,truncated_api_error,0.698363,True,0.0,0.0,0,2.0,0.8561716061716061,0.9127792599779017,5ca1aa946ee89389
triage__erdos_squares__s3,triage,erdos_squares,3,1.1,truncated_api_error,0.698363,True,0.090057,0.08187,5996,56.5,0.9762173012173013,0.9665804295685451,aaa4e53c0407ecae
triage__erdos_squares__s3,triage,erdos_squares,3,1.1,truncated_api_error,0.698363,True,0.553809,0.503463,36583,269.6,0.9999999999,0.9999999999,1ad24505d691e1de
triage__sum_difference__s0,triage,sum_difference,0,1.1,budget,1.039908,True,0.0,0.0,0,20.5,0.887449398787755,,ed99a0dcac7a33cc
triage__sum_difference__s0,triage,sum_difference,0,1.1,budget,1.039908,True,0.148225,0.13475,12060,93.2,0.9469478674107464,,7cba65e08edd592b
triage__sum_difference__s0,triage,sum_difference,0,1.1,budget,1.039908,True,0.679236,0.617487,60597,477.6,0.9470803497170475,,f3277a4a8945f527
triage__sum_difference__s1,triage,sum_difference,1,1.1,budget,1.081672,True,0.0,0.0,0,20.5,0.887449398787755,,ed99a0dcac7a33cc
triage__sum_difference__s1,triage,sum_difference,1,1.1,budget,1.081672,True,0.176154,0.16014,15408,93.7,0.9469478674107464,,8ac3c08f0988da5d
triage__sum_difference__s2,triage,sum_difference,2,1.1,budget,1.067231,True,0.0,0.0,0,20.7,0.887449398787755,,ed99a0dcac7a33cc
triage__sum_difference__s2,triage,sum_difference,2,1.1,budget,1.067231,True,0.084418,0.076743,11449,93.9,0.9469478674107464,,ae3eb71b9e41dc0e
triage__sum_difference__s3,triage,sum_difference,3,1.1,budget,1.08521,True,0.0,0.0,0,20.5,0.887449398787755,,ed99a0dcac7a33cc
triage__sum_difference__s3,triage,sum_difference,3,1.1,budget,1.08521,True,0.11303,0.102755,11432,167.9,0.9469478674107464,,335aa8d79259789f
