spent_usd,budget_frac,tokens,wall_s,incumbent_public,incumbent_hidden,sha
0.0,0.0,0,3.7,0.9616415083396637,0.960408920805711,609927c5ea619a94
0.059823,0.170923,195597,1259.2,0.962342752446073,0.9608730342939897,dd689c6a98a8c144
0.061654,0.176154,201940,1287.6,0.9625770675359648,0.9611030707825361,4cf650c37f2985fa
0.067845,0.193843,222223,1402.9,0.962811610780764,0.9613375965893951,04662ac90e4dd54a
0.07602,0.2172,250407,1519.3,0.963513656802224,0.9610990305886926,fa39699a3f336371
0.089906,0.256874,296116,1743.2,0.9725082716426245,0.9728445990662852,001e9f4abf370d5f
0.092532,0.264377,303248,1814.5,0.9782755300766758,0.9773823449970018,e254167f9f4b1fad
0.093501,0.267146,306221,1827.4,0.9787589968030362,0.9785855706506273,7f875fe931731f2b
0.133538,0.381537,438481,2572.1,0.9845952969055155,0.9826976423160958,f5ee391621a9c5d4
0.13869,0.396257,454992,2694.3,0.9877812827345926,0.9868531727236431,808aaf1fb6d82fb1
0.141681,0.404803,464257,2743.0,0.9880273060001223,0.9871000492853623,407d64cc21f9e847
0.144704,0.41344,473578,2824.3,0.9882741884237398,0.9868571428571429,1b4c6a982e3bc5d9
0.152012,0.43432,496140,2965.1,0.9885213176064012,0.9868571428571429,e991745ad1552146
