run,arm,problem,seed,cap_usd,spent_usd,budget_frac,tokens,wall_s,incumbent_public,incumbent_hidden,sha
lean__circle_packing__s0,lean,circle_packing,0,0.5,0.0,0.0,0,0.5,0.3717970044009935,,a586cda41d88a0b8
lean__circle_packing__s0,lean,circle_packing,0,0.5,0.24675,0.4935,30999,3.1,0.39846588746073597,,f78479c9ead68301
lean__circle_packing__s0,lean,circle_packing,0,0.5,0.286858,0.573716,35909,3.4,0.3987697817168345,,7b545896d35a7524
lean__circle_packing__s0,lean,circle_packing,0,0.5,0.37767,0.75534,47675,4.3,0.4125076713779049,,e7f70b2eb5aac8e3
lean__circle_packing__s1,lean,circle_packing,1,0.5,0.0,0.0,0,0.5,0.3846372869023872,,a586cda41d88a0b8
lean__circle_packing__s1,lean,circle_packing,1,0.5,0.078782,0.157564,9311,1.5,0.3932470143353013,,23e682f4ddac51a3
lean__circle_packing__s1,lean,circle_packing,1,0.5,0.143892,0.287784,17346,2.0,0.49230900122149157,,079e3d1d7a9ea354
lean__circle_packing__s1,lean,circle_packing,1,0.5,0.179212,0.358424,21674,2.3,0.5163794841392552,,35ccd051378e4aed
lean__erdos_squares__s0,lean,erdos_squares,0,0.5,0.0,0.0,0,2.7,0.8561716061716061,0.9127792599779017,5ca1aa946ee89389
lean__erdos_squares__s1,lean,erdos_squares,1,0.5,0.0,0.0,0,2.1,0.8561716061716061,0.9127792599779017,5ca1aa946ee89389
lean_gate_patience__circle_packing__s0,lean_gate_patience,circle_packing,0,0.5,0.0,0.0,0,0.4,0.3432179735201594,,a586cda41d88a0b8
lean_gate_patience__circle_packing__s0,lean_gate_patience,circle_packing,0,0.5,0.032494,0.064988,3955,0.8,0.3625934384262071,,beafbc7c35884f96
lean_gate_patience__circle_packing__s0,lean_gate_patience,circle_packing,0,0.5,0.149654,0.299308,18719,1.6,0.39105178483034586,,eec199efa87b9d3f
lean_gate_patience__circle_packing__s0,lean_gate_patience,circle_packing,0,0.5,0.246756,0.493512,30966,2.3,0.39114459257240175,,708f15367e7784b1
lean_gate_patience__circle_packing__s1,lean_gate_patience,circle_packing,1,0.5,0.0,0.0,0,0.4,0.37485287701830405,,a586cda41d88a0b8
lean_gate_patience__circle_packing__s1,lean_gate_patience,circle_packing,1,0.5,0.14389,0.28778,17353,1.5,0.5060805026703916,,1a11e994113622b9
lean_gate_patience__circle_packing__s1,lean_gate_patience,circle_packing,1,0.5,0.255862,0.511724,31895,2.3,0.5106258743413197,,10871cb842fb340f
lean_gate_patience__circle_packing__s1,lean_gate_patience,circle_packing,1,0.5,0.293188,0.586376,36522,2.5,0.5239253260162612,,202c1aea34fec349
lean_gate_patience__erdos_squares__s0,lean_gate_patience,erdos_squares,0,0.5,0.0,0.0,0,2.7,0.8561716061716061,0.9127792599779017,5ca1aa946ee89389
lean_gate_patience__erdos_squares__s1,lean_gate_patience,erdos_squares,1,0.5,0.0,0.0,0,2.5,0.8561716061716061,0.9127792599779017,5ca1aa946ee89389
shinka__circle_packing__s0,shinka,circle_packing,0,0.5,0.0,0.0,0,3.8,0.3538654406351815,,a586cda41d88a0b8
shinka__circle_packing__s0,shinka,circle_packing,0,0.5,0.044778,0.089556,6609,4.6,0.36377896142932525,,2c32e57c1496a4db
shinka__circle_packing__s0,shinka,circle_packing,0,0.5,0.125164,0.250328,17430,5.3,0.3849027543768915,,740ad14ebe9c9fbf
shinka__circle_packing__s0,shinka,circle_packing,0,0.5,0.184384,0.368768,27180,5.9,0.4059782051901571,,e3ac3b40a9fff0fc
shinka__circle_packing__s1,shinka,circle_packing,1,0.5,0.0,0.0,0,8.0,0.3701841632233946,,a586cda41d88a0b8
shinka__circle_packing__s1,shinka,circle_packing,1,0.5,0.134358,0.268716,18535,9.9,0.4021988504247418,,b31b5e642ae0aacc
shinka__circle_packing__s1,shinka,circle_packing,1,0.5,0.134358,0.268716,18535,10.0,0.5425299239413712,,fb2874269c30d1c0
shinka__erdos_squares__s0,shinka,erdos_squares,0,0.5,0.0,0.0,0,5.5,0.8561716061716061,0.9127792599779017,5ca1aa946ee89389
shinka__erdos_squares__s1,shinka,erdos_squares,1,0.5,0.0,0.0,0,5.3,0.8561716061716061,0.9127792599779017,5ca1aa946ee89389
triage__circle_packing__s0,triage,circle_packing,0,0.5,0.0,0.0,0,0.4,0.38211917523171446,,a586cda41d88a0b8
triage__circle_packing__s1,triage,circle_packing,1,0.5,0.0,0.0,0,0.5,0.3393138710744638,,a586cda41d88a0b8
triage__circle_packing__s1,triage,circle_packing,1,0.5,0.271805,0.54361,26495,2.2,0.39476697122248816,,23e682f4ddac51a3
triage__circle_packing__s1,triage,circle_packing,1,0.5,0.271805,0.54361,26495,2.2,0.489093054806509,,1a11e994113622b9
triage__circle_packing__s1,triage,circle_packing,1,0.5,0.489059,0.978118,44352,2.9,0.5236840811242695,,e9c152db0041360f
triage__erdos_squares__s0,triage,erdos_squares,0,0.5,0.0,0.0,0,1.8,0.8561716061716061,0.9127792599779017,5ca1aa946ee89389
triage__erdos_squares__s1,triage,erdos_squares,1,0.5,0.0,0.0,0,2.5,0.8561716061716061,0.9127792599779017,5ca1aa946ee89389
